{
    "model": {
        "type": "minecraft:select",
        "property": "minecraft:custom_model_data",
        "index": 0,
        "cases": [
            {
                "when": "1",
                "model": {
                    "type": "minecraft:model",
                    "model": "minecraft:item/standing"
                }
            },
            {
                "when": "2",
                "model": {
                    "type": "minecraft:model",
                    "model": "minecraft:item/walking0"
                }
            },
            {
                "when": "3",
                "model": {
                    "type": "minecraft:model",
                    "model": "minecraft:item/walking1"
                }
            },
            {
                "when": "4",
                "model": {
                    "type": "minecraft:model",
                    "model": "minecraft:item/walking2"
                }
            },
            {
                "when": "5",
                "model": {
                    "type": "minecraft:model",
                    "model": "minecraft:item/walking3"
                }
            }
        ],
        "fallback": {
            "type": "minecraft:model",
            "model": "minecraft:item/potion"
        }
    }
}