{
	"credit": "Made with Blockbench",
	"texture_size": [128, 128],
	"textures": {
		"0": "shade:item/white_eyes"
	},
	"elements": [
		{
			"from": [1, 8, -3],
			"to": [15, 19, 22],
			"rotation": {"angle": 0, "axis": "y", "origin": [8, 13.5, 9.5]},
			"faces": {
				"north": {"uv": [3.125, 3.125, 4.875, 4.5], "texture": "#0"},
				"east": {"uv": [0, 3.125, 3.125, 4.5], "texture": "#0"},
				"south": {"uv": [8, 3.125, 9.75, 4.5], "texture": "#0"},
				"west": {"uv": [4.875, 3.125, 8, 4.5], "texture": "#0"},
				"up": {"uv": [4.875, 3.125, 3.125, 0], "texture": "#0"},
				"down": {"uv": [6.625, 0, 4.875, 3.125], "texture": "#0"}
			}
		},
		{
			"from": [6, 12, -6],
			"to": [10, 24, -2],
			"rotation": {"angle": -22.5, "axis": "x", "origin": [8, 18.5, -4]},
			"faces": {
				"north": {"uv": [0.5, 6.5, 1, 8], "texture": "#0"},
				"east": {"uv": [0, 6.5, 0.5, 8], "texture": "#0"},
				"south": {"uv": [1.5, 6.5, 2, 8], "texture": "#0"},
				"west": {"uv": [1, 6.5, 1.5, 8], "texture": "#0"},
				"up": {"uv": [1, 6.5, 0.5, 6], "texture": "#0"},
				"down": {"uv": [1.5, 6, 1, 6.5], "texture": "#0"}
			}
		},
		{
			"from": [3, 22, -14],
			"to": [13, 32, -4],
			"rotation": {"angle": 0, "axis": "y", "origin": [5, 25.5, -13]},
			"faces": {
				"north": {"uv": [11, 1.25, 12.25, 2.5], "texture": "#0"},
				"east": {"uv": [9.75, 1.25, 11, 2.5], "texture": "#0"},
				"south": {"uv": [13.5, 1.25, 14.75, 2.5], "texture": "#0"},
				"west": {"uv": [12.25, 1.25, 13.5, 2.5], "texture": "#0"},
				"up": {"uv": [12.25, 1.25, 11, 0], "texture": "#0"},
				"down": {"uv": [13.5, 0, 12.25, 1.25], "texture": "#0"}
			},
            		"light_emission": 15
		},
		{
			"from": [-14.11332, 9.34371, -1.96593],
			"to": [1.88668, 12.34371, 1.03407],
			"rotation": {"angle": -22.5, "axis": "z", "origin": [1.2941, 11, -0.67037]},
			"faces": {
				"north": {"uv": [9.875, 5.625, 11.875, 6], "texture": "#0"},
				"east": {"uv": [9.5, 5.625, 9.875, 6], "texture": "#0"},
				"south": {"uv": [12.25, 5.625, 14.25, 6], "texture": "#0"},
				"west": {"uv": [11.875, 5.625, 12.25, 6], "texture": "#0"},
				"up": {"uv": [11.875, 5.625, 9.875, 5.25], "texture": "#0"},
				"down": {"uv": [13.875, 5.25, 11.875, 5.625], "texture": "#0"}
			}
		},
		{
			"from": [-14.11332, -7.65629, -1.96593],
			"to": [-11.11332, 9.34371, 1.03407],
			"rotation": {"angle": -22.5, "axis": "z", "origin": [1.2941, 11, -0.67037]},
			"faces": {
				"north": {"uv": [3.375, 9, 3.75, 11.125], "texture": "#0"},
				"east": {"uv": [3, 9, 3.375, 11.125], "texture": "#0"},
				"south": {"uv": [4.125, 9, 4.5, 11.125], "texture": "#0"},
				"west": {"uv": [3.75, 9, 4.125, 11.125], "texture": "#0"},
				"up": {"uv": [3.75, 9, 3.375, 8.625], "texture": "#0"},
				"down": {"uv": [4.125, 8.625, 3.75, 9], "texture": "#0"}
			}
		},
		{
			"from": [-15, 10, 6],
			"to": [1, 13, 9],
			"rotation": {"angle": -22.5, "axis": "z", "origin": [1, 11, 7]},
			"faces": {
				"north": {"uv": [5.125, 5.625, 7.125, 6], "texture": "#0"},
				"east": {"uv": [4.75, 5.625, 5.125, 6], "texture": "#0"},
				"south": {"uv": [7.5, 5.625, 9.5, 6], "texture": "#0"},
				"west": {"uv": [7.125, 5.625, 7.5, 6], "texture": "#0"},
				"up": {"uv": [7.125, 5.625, 5.125, 5.25], "texture": "#0"},
				"down": {"uv": [9.125, 5.25, 7.125, 5.625], "texture": "#0"}
			}
		},
		{
			"from": [-15.22836, -6.85195, 6],
			"to": [-12.22836, 11.14805, 9],
			"rotation": {"angle": -22.5, "axis": "z", "origin": [1, 11, 7]},
			"faces": {
				"north": {"uv": [3.875, 6.375, 4.25, 8.625], "texture": "#0"},
				"east": {"uv": [3.5, 6.375, 3.875, 8.625], "texture": "#0"},
				"south": {"uv": [4.625, 6.375, 5, 8.625], "texture": "#0"},
				"west": {"uv": [4.25, 6.375, 4.625, 8.625], "texture": "#0"},
				"up": {"uv": [4.25, 6.375, 3.875, 6], "texture": "#0"},
				"down": {"uv": [4.625, 6, 4.25, 6.375], "texture": "#0"}
			}
		},
		{
			"from": [-15.1455, 9.65629, 14],
			"to": [0.8545, 12.65629, 17],
			"rotation": {"angle": -45, "axis": "z", "origin": [0.44709, 11, 15.29555]},
			"faces": {
				"north": {"uv": [0.375, 5.625, 2.375, 6], "texture": "#0"},
				"east": {"uv": [0, 5.625, 0.375, 6], "texture": "#0"},
				"south": {"uv": [2.75, 5.625, 4.75, 6], "texture": "#0"},
				"west": {"uv": [2.375, 5.625, 2.75, 6], "texture": "#0"},
				"up": {"uv": [2.375, 5.625, 0.375, 5.25], "texture": "#0"},
				"down": {"uv": [4.375, 5.25, 2.375, 5.625], "texture": "#0"}
			}
		},
		{
			"from": [-15.1455, -7.34371, 14],
			"to": [-12.1455, 9.65629, 17],
			"rotation": {"angle": -45, "axis": "z", "origin": [0.44709, 11, 15.29555]},
			"faces": {
				"north": {"uv": [1.875, 9, 2.25, 11.125], "texture": "#0"},
				"east": {"uv": [1.5, 9, 1.875, 11.125], "texture": "#0"},
				"south": {"uv": [2.625, 9, 3, 11.125], "texture": "#0"},
				"west": {"uv": [2.25, 9, 2.625, 11.125], "texture": "#0"},
				"up": {"uv": [2.25, 9, 1.875, 8.625], "texture": "#0"},
				"down": {"uv": [2.625, 8.625, 2.25, 9], "texture": "#0"}
			}
		},
		{
			"from": [13.8545, 9.34371, -2],
			"to": [29.8545, 12.34371, 1],
			"rotation": {"angle": 45, "axis": "z", "origin": [14.44709, 11, -0.70445]},
			"faces": {
				"north": {"uv": [9.875, 4.875, 11.875, 5.25], "texture": "#0"},
				"east": {"uv": [9.5, 4.875, 9.875, 5.25], "texture": "#0"},
				"south": {"uv": [12.25, 4.875, 14.25, 5.25], "texture": "#0"},
				"west": {"uv": [11.875, 4.875, 12.25, 5.25], "texture": "#0"},
				"up": {"uv": [11.875, 4.875, 9.875, 4.5], "texture": "#0"},
				"down": {"uv": [13.875, 4.5, 11.875, 4.875], "texture": "#0"}
			}
		},
		{
			"from": [26.8545, -7.65629, -2],
			"to": [29.8545, 9.34371, 1],
			"rotation": {"angle": 45, "axis": "z", "origin": [14.44709, 11, -0.70445]},
			"faces": {
				"north": {"uv": [0.375, 9, 0.75, 11.125], "texture": "#0"},
				"east": {"uv": [0, 9, 0.375, 11.125], "texture": "#0"},
				"south": {"uv": [1.125, 9, 1.5, 11.125], "texture": "#0"},
				"west": {"uv": [0.75, 9, 1.125, 11.125], "texture": "#0"},
				"up": {"uv": [0.75, 9, 0.375, 8.625], "texture": "#0"},
				"down": {"uv": [1.125, 8.625, 0.75, 9], "texture": "#0"}
			}
		},
		{
			"from": [15, 10, 6],
			"to": [31, 13, 9],
			"rotation": {"angle": 45, "axis": "z", "origin": [15, 11, 7]},
			"faces": {
				"north": {"uv": [5.125, 4.875, 7.125, 5.25], "texture": "#0"},
				"east": {"uv": [4.75, 4.875, 5.125, 5.25], "texture": "#0"},
				"south": {"uv": [7.5, 4.875, 9.5, 5.25], "texture": "#0"},
				"west": {"uv": [7.125, 4.875, 7.5, 5.25], "texture": "#0"},
				"up": {"uv": [7.125, 4.875, 5.125, 4.5], "texture": "#0"},
				"down": {"uv": [9.125, 4.5, 7.125, 4.875], "texture": "#0"}
			}
		},
		{
			"from": [28.15224, -7.23463, 6],
			"to": [31.15224, 10.76537, 9],
			"rotation": {"angle": 45, "axis": "z", "origin": [15, 11, 7]},
			"faces": {
				"north": {"uv": [2.375, 6.375, 2.75, 8.625], "texture": "#0"},
				"east": {"uv": [2, 6.375, 2.375, 8.625], "texture": "#0"},
				"south": {"uv": [3.125, 6.375, 3.5, 8.625], "texture": "#0"},
				"west": {"uv": [2.75, 6.375, 3.125, 8.625], "texture": "#0"},
				"up": {"uv": [2.75, 6.375, 2.375, 6], "texture": "#0"},
				"down": {"uv": [3.125, 6, 2.75, 6.375], "texture": "#0"}
			}
		},
		{
			"from": [13.59258, 9.65629, 14.20445],
			"to": [29.59258, 12.65629, 17.20445],
			"rotation": {"angle": 22.5, "axis": "z", "origin": [15, 11, 15.5]},
			"faces": {
				"north": {"uv": [0.375, 4.875, 2.375, 5.25], "texture": "#0"},
				"east": {"uv": [0, 4.875, 0.375, 5.25], "texture": "#0"},
				"south": {"uv": [2.75, 4.875, 4.75, 5.25], "texture": "#0"},
				"west": {"uv": [2.375, 4.875, 2.75, 5.25], "texture": "#0"},
				"up": {"uv": [2.375, 4.875, 0.375, 4.5], "texture": "#0"},
				"down": {"uv": [4.375, 4.5, 2.375, 4.875], "texture": "#0"}
			}
		},
		{
			"from": [26.59258, -7.34371, 14.20445],
			"to": [29.59258, 9.65629, 17.20445],
			"rotation": {"angle": 22.5, "axis": "z", "origin": [15, 11, 15.5]},
			"faces": {
				"north": {"uv": [5.375, 6.375, 5.75, 8.5], "texture": "#0"},
				"east": {"uv": [5, 6.375, 5.375, 8.5], "texture": "#0"},
				"south": {"uv": [6.125, 6.375, 6.5, 8.5], "texture": "#0"},
				"west": {"uv": [5.75, 6.375, 6.125, 8.5], "texture": "#0"},
				"up": {"uv": [5.75, 6.375, 5.375, 6], "texture": "#0"},
				"down": {"uv": [6.125, 6, 5.75, 6.375], "texture": "#0"}
			}
		}
	],
	"display": {
		"head": {
			"translation": [0, -28.5, 0],
			"scale": [1.9, 1.9, 1.9]
		}
	},
	"groups": [
		{
			"name": "bone",
			"origin": [8, 0, 8],
			"color": 0,
			"children": [
				{
					"name": "torso",
					"origin": [8, 13.5, 9.5],
					"color": 0,
					"children": [0]
				},
				{
					"name": "neck",
					"origin": [8, 18, -3],
					"color": 0,
					"children": [
						{
							"name": "spine",
							"origin": [8, 18.5, -4],
							"color": 0,
							"children": [1]
						},
						{
							"name": "vertebres",
							"origin": [8, 18.5, -2],
							"color": 0,
							"children": [
								{
									"name": "right",
									"origin": [10, 18.5, -4],
									"color": 0,
									"children": [2, 3]
								},
								{
									"name": "left",
									"origin": [6, 18.5, -4],
									"color": 0,
									"children": [4, 5]
								}
							]
						}
					]
				},
				{
					"name": "head",
					"origin": [8, 26.5, -6],
					"color": 0,
					"children": [6]
				},
				{
					"name": "left_legs",
					"origin": [1, 11, 5.5],
					"color": 0,
					"children": [
						{
							"name": "left_leg_1",
							"origin": [1, 11, -0.5],
							"color": 0,
							"children": [7, 8]
						},
						{
							"name": "left_leg_2",
							"origin": [1, 11, 7.5],
							"color": 0,
							"children": [9, 10]
						},
						{
							"name": "left_leg_3",
							"origin": [1, 10, 15.5],
							"color": 0,
							"children": [11, 12]
						}
					]
				},
				{
					"name": "right_legs",
					"origin": [15, 11, 5.5],
					"color": 0,
					"children": [
						{
							"name": "right_leg_1",
							"origin": [15, 11, -0.5],
							"color": 0,
							"children": [13, 14]
						},
						{
							"name": "right_leg_2",
							"origin": [15, 11, 7.5],
							"color": 0,
							"children": [15, 16]
						},
						{
							"name": "right_leg_3",
							"origin": [15, 10, 15.5],
							"color": 0,
							"children": [17, 18]
						}
					]
				}
			]
		}
	]
}